text,label,source
My way of responding to difficult patients is by far the most ethical because no other way is so ethical and it is the only way that is completely ethical.,0,logical_fallacy
"Colin Closet asserts that if we allow same-sex couples to marry, then the next thing we know we'll be allowing people to marry their parents, their cars and even monkeys.",0,logical_fallacy
"If you choose not to administer triple antibiotic coverage for this patient with severe and extensive burns, you will be held responsible for any infectious complications that might eventually arise.",0,logical_fallacy
"More recently , its actions approached the surreal as the Justice Department opened an antitrust investigation into those auto companies that have agreed in principle to abide by higher gas mileage standards required by California .",1,logical_fallacy
"Dustin: ""Why do you always deflect the argument by insulting me?""
Ann: ""You're ugly and poor!""",1,logical_fallacy
"Lisa was brainwashed as a child into thinking that people are generally good.  Therefore, people are not generally good.",1,logical_fallacy
"Speaker 1: I'll never talk.
Speaker 2: We have ways of making you talk.",0,logical_fallacy
"With their reputations and huge amounts government grant money at stake , it 's unlikely that many climate scientists would ever admit to being wrong .",1,logical_fallacy
"""She's such a mean teacher and person – that's why she wouldn't raise my grade ONE percent!""",1,logical_fallacy
"A father tells his son not to start smoking as he will regret it when he is older, and the son points out that his father is a smoker. This does not alter the fact that his son may regret smoking when he is older.",1,logical_fallacy
"Charlie: Fast food is filled with salt, fat, and added sugars. We need better regulation of the industry.

Bob: That may be, but you’re such a hypocrite! I saw you devour a Triple-Baconator, super-sized fries, and 64 ounces of soda yesterday.",1,logical_fallacy
"""Officer, I was only driving as fast as everyone around me. I'm sure I wasn't speeding.""",0,logical_fallacy
"The school is in bad shape. Either we tear it down and put up a new building, or we continue to risk students’ safety. Obviously, we shouldn’t risk anyone’s safety, so we must tear the building down.”",0,logical_fallacy
“How can you argue your case for vegetarianism when you are enjoying your steak?”,1,logical_fallacy
This makes you think you need to believe or buy something because everyone else is. Which technique is it?,0,logical_fallacy
"Roughly 100 massive fires are blazing Saturday in the West , including 12 in Idaho and nine in Montana , the National Interagency Fire Center said Saturday . All told , the wildfires have churned through more than 4.5 million acres in 12 states . ( RELATED : Wildfires , Blackouts And High Gas Prices : Californians Fight Familiar Foes Amid Pandemic )",0,logical_fallacy
Confession is good for the soul.,0,logical_fallacy
"Giving 10% of your income to the Church will free a child’s soul from Limbo into Heaven, so give your money!",0,logical_fallacy
But this is just ugly propaganda .,1,logical_fallacy
"The coldest temperature ever reported was minus 129 degrees Fahrenheit in Vostok , Antarctica , in 1983 when Carbon dioxide emissions were five times higher than in 1913 . The coldest temperature in the lower 48 states ( excluding Alaska ) of minus 64 degrees Fahrenheit was recorded in 1996 in Embarrass , Minnesota .",0,logical_fallacy
"She is a teacher in a public school, so any claims that she makes about the public school system are biased and untrue.",1,logical_fallacy
If I make an exception for you then I'll have to make an exception for everyone,0,logical_fallacy
"If you miss practice, it means you were probably goofing off. People who goof off drop out of school and end up penniless.",0,logical_fallacy
"""In the business meeting, she proposed a new advertising plan for the dog food brand, but I found out she actually hates dogs. How can we trust her advertising skills?""",1,logical_fallacy
"Bill: ""I believe that Obamacare is wrong."" Dave: ""Of course you would say that, you're a Republican."" Bill: ""What about the arguments I gave to support my position?"" Dave: ""Those don't count. Like I said, you're a Republican, so you have to support the party line. Further, you are just a lapdog to the Republican incumbent so you can get a job , so I can't believe what you say.""",1,logical_fallacy
Don’t believe what Alex says about global warming. Alex dropped out of college!,1,logical_fallacy
Discoveries from Archimedes should be dismissed because he made them in a bathtub and not a proper university laboratory.,1,logical_fallacy
"harmful atheists favor cloning, so cloning is wrong",1,logical_fallacy
"I suffer from Cassandra syndrome , ” Ingalsbee said , referring to the Cassandra Syndrome , a Greek metaphor people use when they believe their valid warnings are not heeded .
“ Every year I warn people : Disaster ’ s coming . We got to change . And no one listens . And then it happens . ”",0,logical_fallacy
Many of these fear mongers also say we should stop burning fossil fuels that are causing this mayhem .,1,logical_fallacy
"occurs when your opponent over-simplifies or misrepresents your argument (i.e., setting up a ""straw man"") to make it easier to attack or refute",0,logical_fallacy
"I know the professor said the Bridges of Madison County was smarmy trash and lacked any artistic worth. But I still think he's wrong. After all, it was on the best-seller list for over 100 weeks.",0,logical_fallacy
Cereal yields decreasing —,0,logical_fallacy
It tells us that we are far from understanding climate change .,0,logical_fallacy
"CNN —
Following a successful international tour and the G-7 Summit in Italy , President Trump has an opportunity to relieve our nation of the unfair and economically devastating requirements of the Paris Agreement , the United Nations climate treaty he pledged to rip up during the campaign . And as soon as possible , President Trump should act on – and keep – his campaign promise .",0,logical_fallacy
I have been accused of using an ad hominem approach in trying to defend my research. But those who attack me and my research are also using ad hominem. And they started it!,1,logical_fallacy
"Congressman Darell Issa calls White House Spokesperson Jay Carney a ""paid liar.""",1,logical_fallacy
The political commercials described the mayor as a “monster” who “hated babies” but they never discussed his plans for the city.,1,logical_fallacy
Two events last week brought yet further twists to one of the longest-running farces of our modern world .,1,logical_fallacy
"You’re a vegetarian? You do realize that Hitler was a vegetarian, too?",1,logical_fallacy
"""All elephants are big. Some boys are big. Therefore some boys are elephants.""",0,logical_fallacy
"You've got to teach the boys logic! If you don't teach them logic, they won't learn how to think! And they'll become hobos and die in prison! Don't you care about your sons? (Mother to Father)",0,logical_fallacy
Why would you lend money to some who looks like they don't have a job?,1,logical_fallacy
I don't understand why you're saying I broke a promise. I said I'd never speak to my ex-girlfriend again. And I didn't. I just sent her some pictures and text messages.,0,logical_fallacy
"Speaker 1: Dr. Singh says meat eating is bad for the environment.
Speaker 2: He’s a Sikh. They don’t eat meat. Of course he would say that. He can’t be telling the truth.",1,logical_fallacy
"Peter Ward , a charismatic paleontologist among those responsible for discovering that the planet ’ s mass extinctions were caused by greenhouse gas , calls this the “ Great Filter ” : “ Civilizations rise , but there ’ s an environmental filter that causes them to die off again and disappear fairly quickly , ” he told me . “ If you look at planet Earth , the filtering we ’ ve had in the past has been in these mass extinctions. ”",0,logical_fallacy
“We shouldn’t even bother to interview that job applicant. He has a beard.”,1,logical_fallacy
Either you text your friend or you don't have any fun at all.,0,logical_fallacy
"Being mean to others is wrong.
Therefore, it cannot possibly be part of our nature.",0,logical_fallacy
But will they ?,0,logical_fallacy
"This new test seemed so promising, but the 3 studies that supported its validity turned out to have critical methodological flaws, so the test is probably not valid.",0,logical_fallacy
"ghosts must exist, because nobody has been able to prove that they don't is an example of",0,logical_fallacy
"""The critical mission was horribly executed."" is an example of ...",0,logical_fallacy
This is not environmentalism .,0,logical_fallacy
"Bill claims that tax breaks for corporations increases development. Of course, Bill is the CEO of a corporation.",1,logical_fallacy
The Freehold Raceway Mall is the best mall because there are always so many cars there.,0,logical_fallacy
something that kills is deadly,0,logical_fallacy
", motive, or other attribute of the person making the argument.",1,logical_fallacy
"""I will end this war in Iraq responsibly, and finish the fight against al Qaeda and the Taliban in Afghanistan. I will rebuild our military to meet future conflicts. But I will also renew the tough, direct diplomacy that can prevent Iran from obtaining nuclear weapons and curb Russian aggression. I will build new partnerships to defeat the threats of the 21st century: terrorism and nuclear proliferation; poverty and genocide; climate change and disease. And I will restore our moral standing, so that America is once again that last, best hope for all who are called to the cause of freedom, who long for lives of peace, and who yearn for a better future.""  Which appeal is the primary appeal used in this quote?",0,logical_fallacy
Delores is a big supporter for equal pay for equal work.  This is the same policy that all those extreme feminist groups support.  Extremists like Delores should not be taken seriously -- at least politically.,0,logical_fallacy
"Person 1:
""I am for raising the minimum wage in our state.""

Person 2:
""She is for raising the minimum wage, but she is not smart enough to even run a business.""",1,logical_fallacy
"Kelly is the most selfish, annoying person that I know. She says that we should recycle to help save the Earth, but she only thinks about herself, so she must be wrong.",1,logical_fallacy
"Speaker 1: I think the idea of a moral law requires the existence of a lawgiver (i.e. God).
Speaker 2: Of course you would say that. You’re a Christian. Why should we listen to you?",1,logical_fallacy
"Oh please, what do you know about labor laws? You don't even have a job.",1,logical_fallacy
There's no point listening to you. Everybody knows you're just a little do-gooder.,1,logical_fallacy
A mother who tells the pediatrician that she doesn't trust his judgment because he's never been a mother.,1,logical_fallacy
Santa has a red suit. My dad has a red suit. My dad must be Santa Claus! (This is an example of...),0,logical_fallacy
"Service Tech: Your car could use some new tires.
Bart: You have a financial interest in selling me tires, why should I trust you?
Service Tech: You brought your car to me to have it checked, sir.
Bart: I brought my car to the shop where you work.
Service Tech: So should we forget about the new tires for now?
Bart: I never suggested that.  Are you trying to use reverse psychology on me, so I will buy the tires?",0,logical_fallacy
Intentionally using negatively charged words is an example of which technique?,1,logical_fallacy
"""I knew him in high school and he almost flunked out. He can't be a good choice for mayor.""",1,logical_fallacy
"“ The Caitlin Expedition – supported by the Prince of Wales – in which Pen Haddow and his team had to abandon their trip to the North Pole because it was colder than they ’ d expected , ” he continued .",1,logical_fallacy
A commercial featuring starving children in Africa asking for donations to help provide food and clean water to those in need.,0,logical_fallacy
"Representative Gutierrez of Illinois, arguing in Congress on July 11, 1996, replying to Republicans arguing in favor of the ""Defense of Marriage Act"", a bill stipulating that 'marriage' be defined as being between a man and a woman only, excluding homosexual marriages: ""I now realize that my friends on the other side of the aisle aren't the least bit serious when they talk about how important it is for the federal government not to interfere in the lives of our people. I understand that they are just kidding - just teasing us - when they stress the importance of taking power out of Washington and giving it to local officials. And now I know that their biggest joke of all is that old line about family values - all that talk about encouraging people to care about and be committed to each other.""",1,logical_fallacy
"They are pleading with state and federal governments for guidance and help , including billions to pay for flood walls , pumps and road improvements that would buy them time . Yet Congress has largely ignored these pleas , and has even tried to block plans by the military to head off future problems at the numerous bases imperiled by a rising sea .",0,logical_fallacy
"Medical Student: ""No one objects to a physician looking up a difficult case in medical books. Why, then, shouldn't students taking a difficult examination be permitted to use their textbooks?""",0,logical_fallacy
"Boris is not qualified to make suggestions about our penal system. As an ex-convict, he would always take the criminals’ side.",1,logical_fallacy
"The record comes two days before Donald Trump , who has tweeted that global warming is a “ hoax , ” assumes the presidency and , with it , control over the two science agencies that announced these records .",0,logical_fallacy
"(1) William Dembski argues that modern biology supports the idea that there is an intelligent designer who created life.
(2) Dembski would say that because he’s religious.
Therefore:
(3) Modern biology doesn’t support intelligent design",1,logical_fallacy
This fallacy distracts from the argument by pointing out hypocrisy in the opponent.,1,logical_fallacy
"People asked whether there was a bug in the code , ” he said . “ But it boiled down to relatively small changes in the way clouds are represented in the models . ”",0,logical_fallacy
"Whitehouse , a scientist who works with Lord Lawson ’ s sceptic Global Warming Policy Foundation , said the massive fall in temperatures following the end of El Nino meant the warming hiatus or slowdown may be coming back .",0,logical_fallacy
"""I used to have that haircut. Then my mom got a job.""",1,logical_fallacy
1. “Michael Jordan wore his UNC shorts during every game he played in the NBA and he won 6 championships.”,0,logical_fallacy
"My opponent in this debate wants all of you to increase taxes for a recycling program, but his own company has been fined over a dozen times for pollution and environmental damage.",1,logical_fallacy
"""Let's look instead at what my opponent proposes to do with your hard earned money!""
This is an example of which type of logical fallacy?",0,logical_fallacy
"What this means , the report concludes , is that claims by NASA , NOAA , and the UK Met Office that the world is experiencing unprecedented and dramatic warming should be taken with a huge pinch of salt : they all use the same corrupted global average temperature ( GAST ) data . The conclusive findings of this research are that the three GAST data sets are not a valid representation of reality .",1,logical_fallacy
Dr. Bloom cannot be a competent marriage counselor because he is divorced.,1,logical_fallacy
My phone charger is broken because it doesn't work.,0,logical_fallacy
"Jamila is running for class president. In her campaign speech she says, ""Xavier does not deserve to win. He is a smoker and He cheated on his reading quizzes last year."" What fallacy has Jamila committed?",1,logical_fallacy
"In fact , Russia is permitted to increase its emissions approximately 50 % and China and India have no meaningful cap on emissions until 2030 .",1,logical_fallacy
"Before he died, poet Allen Ginsberg argued in favor of legalizing pornography. But Ginsberg's arguments are nothing but trash. Ginsberg was a pot-smoking homosexual and a thoroughgoing advocate of the drug culture.",1,logical_fallacy
"I refuse to stay on the 13th floor of any hotel because it is bad luck.  However, I don’t mind staying on the same floor as long as we call it the 14th floor.",0,logical_fallacy
"Sandy: ""You shouldn’t have that second piece of cake. It’s so fattening.""
Ralph: ""Didn’t you eat an entire tub of ice cream yesterday?""",1,logical_fallacy
politicians coin names to cast blame,1,logical_fallacy
"Louise is running for class president. In her campaign speech she says, ""My opponent does not deserve to win. She is a smoker and she cheated on her boyfriend last year."" What fallacy has Louise committed?",1,logical_fallacy
"Speaker 1: I think marijuana should be legalized. It would be better for the country if we didn’t have this drug war.
Speaker 2: Of course you think that. You’re a pothead.",1,logical_fallacy
"Green Peace's strategies aren't effective because they are all dirty, lazy hippies.",1,logical_fallacy
an attempt to persuade the reader/audience based on feelings or emotions; emotional response,0,logical_fallacy
Affirmative Action can never be fair or just. You cannot remedy one injustice by committing another.,0,logical_fallacy
use of people's desire to be part of the group to convince them,0,logical_fallacy
"John: Can you please help me push my car to the side of the road until the tow truck comes?
Paul: Why push it to the side of the road?  Why not just leave it?
John: It is slowing down traffic unnecessarily where it is.
Paul: Many things slow down traffic—do you feel you need to do something about all them?
John: No, but this was my fault.
Paul: Was it really? Were you the direct cause of your car breaking down?
John: Are you going to help me move this damn car or not?!",0,logical_fallacy
"Only a selfish, non-caring person would believe that this is ok.",1,logical_fallacy
Senator Ribbit is a liar. You shouldn't listen to him on anything.,1,logical_fallacy
Big trouble .,0,logical_fallacy
"in response to the claim that ""Eating fast food is unhealthy"": “But I saw you eat a burger and fries for lunch only a few hours ago!""",1,logical_fallacy
"Mrs. Collier, we can't take a quiz tomorrow! The new season of Game of Thrones premieres tonight!!",0,logical_fallacy
"Miller Lite is cheap beer, so the Guinness will be cheap, too",0,logical_fallacy
"Wilma: You cheated on your income tax. Don't you realize that's wrong
Walter: Hey, wait a minute. You cheated on your income tax last year. Or have you forgotten about that?",1,logical_fallacy
"Joseph can’t be class president, he’s poor!”",1,logical_fallacy
"Tony wants us to believe that the origin of life was an “accident”.  Tony is a godless SOB who has spent more time in jail than in church, so the only information we should consider from him is the best way to make license plates.",1,logical_fallacy
The mayor argued that we need to reduce funding for the animal shelter in order to balance the budget. Don't vote for someone who doesn't think the government should care about animals.,0,logical_fallacy
"You really should support Senator Jones and his campaign to strengthen national defense. If you do not, he will lose control of the Armed Forces Committee and likely resign from politics.",0,logical_fallacy
"Speaker 1: No fault divorce has proven to be detrimental to society and the family.
Speaker 2: You didn’t seem to think that when you got divorced.",1,logical_fallacy
"Until civility returns , our side can ask whether the critics are acting like the Gestapo of global warming .",1,logical_fallacy
"""He just says that because he's a Republican.""",1,logical_fallacy
"Person 1:
I am for raising the minimum wage in our state.
Person 2:
She is for raising the minimum wage, but she is not smart enough to even run a business.",1,logical_fallacy
"Thirty years later , they are still ignoring it , ” said Zybach , who spent more than 20 years as a reforestation contractor .",1,logical_fallacy
"There is no “ climate emergency ” , according to a study for the Global Warming Policy Foundation by independent scientist Dr Indur Goklany . Goklany concludes : While climate may have changed for the warmer :",0,logical_fallacy
My mom says that most tourist from France are rude. She had to wait on one the other day and the lady threw her pancakes on the ground because they were not big enough.,0,logical_fallacy
"Helga: You should not be eating that... it has been scientifically proven that eating fat burgers are no good for your health.

Hugh: You eat fat burgers all the time so that can’t be true.",1,logical_fallacy
Perhaps there is good news in the ugliness of desperate activists who are trying to get their issue out front .,1,logical_fallacy
"""How would you know anything about technology? You're too old!""",1,logical_fallacy
"Billy - ""Spanish is easy."" Bobby - ""Don't listen to Billy; he failed Spanish class last year. """,1,logical_fallacy
"Why does the law state that you have to be 21 years old to drink?  Does it really make any difference if you are 20 years and 364 days old?  That is absurd.  Therefore, if a single day makes no difference, then a collection of 1095 single days won’t make any difference. Therefore, changing the drinking age to 18 will not make any difference.",0,logical_fallacy
Of course Marx' theories about the ideal society are bunk. The guy spent all his time in the library.,1,logical_fallacy
"John says that Kentucky will beat Florida, but John sometimes lies, so I'm not sure.",1,logical_fallacy
"""Drivers in Richmond are terrible. Why does everyone in a big city drive like that?""",1,logical_fallacy
"Bill, you drive a beat-up car from the 1980s. For this reason, we can never allow you to be a lifeguard at the community pool.",1,logical_fallacy
"David is so wrong about Luna's work ethic. David is just an egotistical jerk with a God complex, what does he know?",1,logical_fallacy
"That candidate wants to raise the minimum wage, but they aren't even smart enough to run a business.",1,logical_fallacy
"Dan White ate a lot of Twinkies and then killed the Mayor of San Francisco. If I were a mayor, I’d ban Twinkies so no one would kill me.",0,logical_fallacy
"My friend told me to quit singing in the car since I have a ""bad voice."" She sings in the car all of the time!",1,logical_fallacy
someone who is poor is more credible than someone who is rich?,0,logical_fallacy
"President Bush argues that we should open up the Arctic National Wildlife Refuge for oil drilling. But Bush just wants to reward his rich cronies in the oil industry, so we can't take his arguments seriously.",1,logical_fallacy
"Buddy Burger has the greatest food in town.  Buddy Burger was voted #1 by the local paper.  Therefore, Phil, the owner of Buddy Burger, should run for president of the United States.",0,logical_fallacy
"The former president ’ s decision created a ticking time bomb , Zybach argues .
“",1,logical_fallacy
"Before women got the vote, there were no nuclear weapons",0,logical_fallacy
My opponent argues that we should abolish the soda tax. It's a shame that he wants to encourage people to eat and drink unhealthily. I say we keep it.,0,logical_fallacy
Yet other scientists claim this is a red herring because of the positive feedback loop created by water vapour .,0,logical_fallacy
"CO2 is certainly a heat-trapping greenhouse gas , but hardly the primary one : Water vapor accounts for about 95 percent of greenhouse gases . By contrast , carbon dioxide is only a trace component in the atmosphere : about 400 ppm ( parts per million ) , or 0.04 percent .",0,logical_fallacy
"Every time I wash my car, it rains the next day. My car washing definitely affects the weather.",0,logical_fallacy
"Michael Jackson, Kurt Cobain, and Jimi Hendrix were rock stars who died young. Therefore, if you become a rock star, don’t expect to live a long life.",0,logical_fallacy
"“ Our children and grandchildren will look back on the climate deniers and ask how they could have sacrificed the planet for the sake of cheap fossil fuel energy , when the cost of inaction exceeds the cost of a transition to a low-carbon economy , ” Watson said . Trump is aiming to cut climate change research .",1,logical_fallacy
"Speaker 1 (Democrat): “Donald Trump is a known adulterer. It reflects badly on his character, and suggests he might not be trustworthy.”
Speaker 2 (Republican): “What about Bill Clinton? You didn’t seem to care when he cheated.”",1,logical_fallacy
Most people expect this year will see a record low in the Arctic ’ s summer sea-ice cover .,0,logical_fallacy
"Minds, like rivers, can be broad. The broader the river, the shallower it is. Therefore, the broader the mind, the shallower it is.",0,logical_fallacy
"In a recent list of the 25 cleanest cities in the world , the only country to boast three cities among the cleanest on the planet was the United States of America , with Chicago coming in second place , Honolulu coming in fourth , and Portland , OR , coming in sixteenth . Unsurprisingly , no cities from China , Russia or India made the list at all . Similarly , another list of the 15 most polluted cities in the world featured three cities from China , three cities from Saudi Arabia , and a whopping seven cities from India .",0,logical_fallacy
We cannot listen to John’s opinion on global warming because he is a tree hugger.,1,logical_fallacy
Even the BBC has admitted to Ofcom that the corporation is now biased on the matter because it no longer thinks there is a counter-argument .,1,logical_fallacy
The word “ denier ” is of course meant to associate skeptics of climate alarmism with Holocaust deniers .,0,logical_fallacy
He can't be a great athlete; he didn't adopt the stray dog on the street.,1,logical_fallacy
Guns are like hammers--they're both tools with metal parts that could be used to kill someone. And yet it would be ridiculous to restrict the purchase of hammers--so restrictions on purchasing guns are equally ridiculous.,0,logical_fallacy
"The climate denialists ’ arguments have become so strained that even oil and coal companies have distanced themselves publicly , though some still help to finance the campaigns of politicians who espouse such views .",1,logical_fallacy
"Ted: Biological evolution is both a theory and a fact.
Edwin: That is ridiculous!  How can you possibly be absolutely certain that we evolved from pond scum!
Ted: Actually, that is a gross misrepresentation of my assertion.  I never claimed we evolved from pond scum.  Unlike math and logic, science is based on empirical evidence and, therefore, a scientific fact is something that is confirmed to such a degree that it would be perverse to withhold provisional consent.  The empirical evidence for the fact that biological evolution does occur falls into this category.",0,logical_fallacy
"`` The impact of astronomical cycles on climate can be quite large , '' explains Meyers , noting as an example the pacing of the Earth ’ s ice ages , which have been reliably matched to periodic changes in the shape of Earth ’ s orbit , and the tilt of our planet on its axis .",0,logical_fallacy
Context is important when reviewing climate and temperature data .,0,logical_fallacy
All women care about are their looks.,0,logical_fallacy
"The anti-terrorist laws that monitor international currency transfers, phone calls, and emails are the first step to turning our fragile democracy into a new Nazi regime.",0,logical_fallacy
"during the presidential campaign of 1800, John Adams was called 'a fool, a gross hypocrite and an unprincipled oppressor.' His rival, Thomas Jefferson, on the other hand, was deemed 'an uncivilized atheist, anti-American, a tool for the godless French.'",1,logical_fallacy
"Louise is running for class president. In her campaign speech she says, ""My opponent does not deserve to win. She is a smoker and she cheated on her boyfriend last year."" What fallacy has Louise committed?
http://www.funtrivia.com",1,logical_fallacy
Leonardo DiCaprio is just a dumb actor. What does he really know about climate change?,1,logical_fallacy
The writer or speaker intentionally misleads the audience by using a word with a double or ambiguous meaning.,0,logical_fallacy
"What it does do is lend credence to something we much-maligned sceptics have long been saying : that in many environmental fields , the science is being abused and distorted to promote a political and financial agenda .",0,logical_fallacy
"Doug is convinced he has lucky underwear. One time when he forgot to put on his lucky underwear, he got a parking ticket. Doug concludes that because he forgot to wear his lucky underwear, he got the ticket. Doug doesn't wash his lucky underwear often. This part isn't relevant to the example, but it is disturbing nonetheless.",0,logical_fallacy
"But the cry
of “ global warming ” has grown ever more shrill .",1,logical_fallacy
We cannot approve of this recycling idea. It was thought of by a bunch of hippie communist weirdos.,1,logical_fallacy
"person 1 : ""We should argue with logic facts""
person 2: ""You should grow a brain before you open your mouth""",1,logical_fallacy
"“ When you look at the historical record , there ’ s no trend saying the flooding is going down , ” said Dr. Sweet , the NOAA expert . “ The trends are all very clear . They ’ re going up , and they ’ re going up in many of these areas in an accelerating fashion . ”",0,logical_fallacy
"My opponent is an untrustworthy liar and an idiot. Therefore, you should believe me.",1,logical_fallacy
"""I can't understand how such a low performance student is able to talk about politics"" is an example of",1,logical_fallacy
"""I see no reason to listen to Smith. Anything he says will be influenced by his interest in civil rights. His statements are bound to be distorted and unreliable.""

What logical fallacy is used in the statement above?",1,logical_fallacy
"involves acceptance or rejection of concepts based on their source, not their merit",1,logical_fallacy
People who don't like K-pop are racist.,1,logical_fallacy
"“ I ’ m a Republican , but I also realize , by any objective analysis , the sea level is rising , ” said Jason Buelterman , the mayor of tiny Tybee Island , one of the first Georgia communities to adopt a detailed climate plan .",0,logical_fallacy
If I don't get this 5 point assignment done then I will fall behind in my grade and will get backed up so I can't get my other assignment done. Then I will fail the class and turn to a life of crime.,0,logical_fallacy
Mr. Casal is a bad teacher because he stinks.,1,logical_fallacy
"Helga: You should not be eating that... it has been scientifically proven that eating fat burgers are no good for your health.
Hugh: You eat fat burgers all the time so that can’t be true.",1,logical_fallacy
Christine has a terrible experience with a boyfriend. She decides that all boys are mean. This is an example of which logical fallacy?,0,logical_fallacy
Almost everyone at my school will be at the party Friday night. It must be the right thing to do.,0,logical_fallacy
These facts refute the claim that Earth is spiraling into one man-made climate catastrophe after another .,0,logical_fallacy
It is ridiculous to have spent thousands of dollars to rescue those two whales trapped in the Arctic ice. Why look at all the people trapped in jobs they don’t like.,0,logical_fallacy
Come on! Everyone else thinks the movie is great - you should too!,0,logical_fallacy
"""Don't listen to Mr. Fingers when he says walk in the hallways. How can you trust someone who wears bow ties?""",1,logical_fallacy
"Nature gives people diseases and sickness; therefore, it is morally wrong to interfere with nature and treat sick people with medicine.",0,logical_fallacy
"She asserts that we need more military spending, but that is false, since she is only saying it because she is a Republican.",1,logical_fallacy
"And for the media it ’ s ideology , money , and headlines .",1,logical_fallacy
You're wrong because you're ugly!,1,logical_fallacy
Physical science has turned into profit-maximizing political science .,1,logical_fallacy
"""Everyone wants to be an English teacher.""",0,logical_fallacy
Love America or leave it.,0,logical_fallacy
"Playing on a general tendency for people to fear change , EDF and global warming alarmists argue that changes in the biosphere that make it richer , lusher , and more conducive to life are changes to be feared and opposed .",0,logical_fallacy
"My teacher says the Earth is flat, so it definitely is flat.",1,logical_fallacy
"The research and reasoning that supposedly supports (or that supposedly discredits) this intervention are a joke. The researchers are people who are not methodologically sophisticated and there have been rumors--I have no idea whether they're true or not--that they faked some of the data. The advocates (or opponents) of this intervention are the worst kind of sloppy thinkers. They are fanatical adherents who already have their minds made up; they've become true believers in their cause. They make arguments only a stupid person would accept, and mistakes in reasoning that would make an undergrad psych major blush. These are not the kind of people who deserve to be taken seriously.",1,logical_fallacy
Only after government overseers make these highly suspect adjustments are temperature “ records ” capable of showing anything approaching record warmth .,1,logical_fallacy
The Democrats support more aggressive gun control laws. Can you believe they want to deny repeat offenders and those on the terrorist watch list their rights?,1,logical_fallacy
"Charlie: Fast food is filled with salt, fat, and added sugars. We need better regulation of the industry.
Bob: That my be, but you're such a hypocrite! I saw you devour a Triple-Baconator, super-sized fries, and 64oz of soda yesterday!",1,logical_fallacy
A politician arguing that his opponent cannot possibly be a good choice for women because he has been married and divorced five times.,1,logical_fallacy
A commercial shows images of animals in need to persuade the audience to make donations.,0,logical_fallacy
You can't be my partner in class because you didn't donate to the Hurricane Sandy fundraiser.,1,logical_fallacy
"Yet for all the hyperventilating , Pruitt ’ s answer to the question he was asked — whether carbon dioxide is the climate ’ s “ primary control knob ” — was entirely sound . “ We don ’ t know that yet , ” he said .",1,logical_fallacy
a movie reviewer who dislikes a Tom Cruise movie because of the actor's religion and tries to impose negative bias in the audience members' minds before they see the film.,1,logical_fallacy
It gives you that nagging feeling that maybe global warming is real after all .,0,logical_fallacy
"Charlie: Fast food is filled with salt, fat, and added sugars. We need better regulation of the industry.
Bob: That may be, but you’re such a hypocrite! I saw you devour a Triple-Baconator, super-sized fries, and 64 ounces of soda yesterday.",1,logical_fallacy
"Marty: Doc, I'm from the future. I came here in a time machine that you invented. Now, I need your help to get back to the year 1985.
Doc: I've had enough practical jokes for one evening. Good night, future boy!",0,logical_fallacy
Politician: We have to decide if we are going to support school choice or if we are going to support failing schools. Those are the only two options.,0,logical_fallacy
"According to Freud, your belief in God stems from your need for a strong father figure. So don’t you see that it’s silly to continue believing in God?",1,logical_fallacy
"The Earth has experienced five mass extinctions before the one we are living through now , each so complete a slate-wiping of the evolutionary record it functioned as a resetting of the planetary clock , and many climate scientists will tell you they are the best analog for the ecological future we are diving headlong into .",0,logical_fallacy
"Some one billion people would be forced to attempt to relocate from unlivable conditions , and two billion would face scarcity of water supplies . Agriculture would collapse in the sub-tropics , and food production would suffer dramatically worldwide . The internal cohesion of nation-states like the US and China would unravel .",0,logical_fallacy
"Jason and his family are heading to Utah to spend a week skiing. Looking at the weather reports, he notices that it is supposed to be warmer, making for lousy ski conditions. Angrily, he calls the Weather Channel and demands that they change their forecast so he will have better weather for the trip.",0,logical_fallacy
"Yet the trend for landfalling typhoons around the Philippines has actually declined since 1950 , according to a study published in 2012 by the American Meteorological Society ’ s Journal of Climate .",0,logical_fallacy
"But I ’ m afraid , human nature being what it is , the thing gets exaggerated out of all proportion , and the greens have behaved deplorably instead of being reasonably sensible . ”",1,logical_fallacy
"This trick, which literally means ""to the guy,"" distorts a person's character subtly or blatantly, undermining their reputation regardless of how compelling their point is.",1,logical_fallacy
No one should believe our dear lady Senator who have had an adulterous relationship.,1,logical_fallacy
"Having come from the same political party, he is sure to communicate biased and untrue claims about his party-mates",1,logical_fallacy
"Gertrude: I am tired of having to fill out these forms all day. Can't we find a more efficient system?
Cindy-Lou: If you're not happy with the way we do things, we can find someone who is!",1,logical_fallacy
"""Who are you to ask fast food restaurants to give us nutritional facts? I saw you eat Taco Bell last night!""",1,logical_fallacy
"It ’ s been my life managing water quality , we ’ ve failed . ”",0,logical_fallacy
"My sister loves shopping, so all girls must love to shop too.",0,logical_fallacy
"If you get your news only from mainstream media , you would likely believe that CO2 levels are dangerously high and unprecedented .",0,logical_fallacy
"In the past decade China has increased its carbon dioxide emissions by 53 per cent , 12 times Australia ’ s total carbon dioxide output of 1.3 per cent of the global total .",0,logical_fallacy
"Rather than follow the time-tested practice used by the World Health Organization , which measures levels of disease-causing pollutants that get into people ’ s lungs , some have played a shell game , swapping a new measure of “ pollution ” based solely on emissions of carbon dioxide .",1,logical_fallacy
"“ Global warming ” as in the scary , historically unprecedented , primarily man-made phenomenon which we must address urgently before the icecaps melt and the Pacific islands disappear beneath the waves and all the baby polar bears drown .",1,logical_fallacy
"He now says : “ Anyone who tries to predict more than five to 10 years is a bit of an idiot , because so many things can change unexpectedly. ”",1,logical_fallacy
"After Sally presents an eloquent and compelling case for a more equitable taxation system, Sam asks the audience whether we should believe anything from a woman who isn't married, was once arrested, and smells a bit weird.",1,logical_fallacy
"""My opponent raises a really good point, but can we really trust him? He moved to this town three years ago and everyone knows his wife left him.",1,logical_fallacy
"These test results are clearly wrong, and it must be either because the client was malingering or because I bungled the test administration. Taking another look at the test manual, I see now that I bungled the test administration. Therefore the client was not malingering.",0,logical_fallacy
"Shelters in poorer countries are not repainted as often , and darker stations absorb more of the sun ’ s energy . It ’ s no surprise that poor tropical countries show the largest warming from this effect .",0,logical_fallacy
“She was wearing cowboy boots in her last Instagram picture so she must be into country music.”,0,logical_fallacy
"Some experts , such as UN climate scientist Dr. Indur Goklany , have defended rising CO2 levels as a good thing for humanity . Goklany has argued that the rising level of carbon dioxide in the earth ’ s atmosphere “ is currently net beneficial for both humanity and the biosphere generally . ”",0,logical_fallacy
The list of the most polluted cities in the world was led by two cities from China followed by two more cities from India .,1,logical_fallacy
"According to a recent National Economic Research Associates Economic Consulting study , the Paris Agreement could obliterate $ 3 trillion of GDP , 6.5 million industrial sector jobs and $ 7,000 in per capita household income from the American economy by 2040 .",0,logical_fallacy
Senator Smith says that the nation should not add to the defense budget. Senator Jones says that he cannot believe that Senator Smith wants to leave the nation defenseless.,0,logical_fallacy
"What type of propaganda uses negative words or feelings against an idea, product or person?",1,logical_fallacy
"“Caldwell Hall is in bad shape. Either we tear it down and put up a new building, or we continue to risk students’ safety. Obviously we shouldn’t risk anyone’s safety, so we must tear the building down.”",0,logical_fallacy
"These zealots would like you to believe that due to fossil fuel emissions , summers are now longer and hotter while winters are shorter and milder .",1,logical_fallacy
Studies show it takes up to seven years for the human body to digest a piece of gum.,0,logical_fallacy
"If I’m psychic, I will be able to see dead people. I see dead people, therefore I’m psychic.",0,logical_fallacy
"Mr. Koonin ’ s science credentials are impeccable—unlike , say , those of one well-known Swedish teenager to whom the media affords great attention on climate matters .",1,logical_fallacy
America is poised to become a net energy exporter over the next decade . We should not abandon that progress at the cost of weakening our energy renaissance and crippling economic growth .,0,logical_fallacy
"""Finish your dinner. There are starving children in Africa."" is an example of",0,logical_fallacy
"Dad drank at parties, too",1,logical_fallacy
"Before I refute my opponent's argument, I would like to draw attention to the fact that he is sweating and clearly does not have much experience on the debate team.",1,logical_fallacy
"'If we do nothing to reduce our greenhouse gas emissions , the kind of extreme heat we saw this past summer will be the norm when my young son is a grown man . '",0,logical_fallacy
"Thanks to her enduring popularity with employees, Annie Smith is the best-liked CEO in our company's history.",1,logical_fallacy
"At a cost of between $ 1 trillion and $ 2 trillion annually , the Paris climate agreement , recently ratified by China , is likely to be history ’ s most expensive treaty .",0,logical_fallacy
"“ Even with just 2 degrees of warming – and potentially just 1.5 degrees – significant impacts on the Earth system are profound , ” said study co-author Alan Mix , a scientist from Oregon State University .",0,logical_fallacy
"Just down the coast from Donald Trump 's weekend retreat , the residents and businesses of south Florida are experiencing regular episodes of water in the streets .",0,logical_fallacy
"You tell me it's unpatriotic to cheat on federal income tax reports. Well, you should know. You've never once listed your huge bonuses.",0,logical_fallacy
The senator voted for the tax increase. It's not hard to understand why when you consider that he is a millionaire and has never had to worry about money.,1,logical_fallacy
"I think that we should reject what Father Jones has to say about the ethical issues of abortion because he is a Catholic priest. After all, Father Jones is required to hold such views",1,logical_fallacy
or group in order to discredit an idea with which the person or group is associated; distracts the reader from the real issue,1,logical_fallacy
"I. The Ganges river is flooded due to large sheets of ice coming down from the Himalayas.
II. Many people in the Himalayan ranges lost their houses under huge sheets of ice.",0,logical_fallacy
"The noble forefathers who created this great country did not fail; it is a great country now as it was then, by their very making.",1,logical_fallacy
"For politicians it ’ s money and power . For environmentalists it ’ s money for their
organizations and confirmation of their near religious devotion to the idea that man is a
destructive force acting upon nature .",1,logical_fallacy
"Marco cusses a lot, so you can't listen to a thing he says. He's not a good guy.",1,logical_fallacy
"Global warming alarmists frequently make false and deplorable assertions ( see , for example , my recent column debunking false claims that global warming is causing a decline in wheat production ) , but the Environmental Defense Fund ’ s recent fund-raising mailer , “ 10 Global Warming Effects",1,logical_fallacy
"A Congressman calls a Whitehouse Spokesperson a ""giant idiot""",1,logical_fallacy
"You cannot blame your friends for a rain delay just because every time they go with you to a ballgame it storms and
play is delayed. Likewise, the fact that a pitcher bought new socks before he pitched a winning game does not mean that new
socks cause a pitcher to throw faster.",0,logical_fallacy
“I don’t understand why you’re saying I broke a promise. I said I’d never speak again to my ex-girlfriend. And I didn’t. I just sent her a quick text.”,0,logical_fallacy
"As soon as the words carbon footprint , emissions , pollution , and decarbonisation , climate emergency , extreme weather , unprecedented and extinction are used , I know I am being conned by ignorant activ­ists , populist scaremonger­ing , vote-chasing politicians and rent seekers .",1,logical_fallacy
Don't listen to her advice about math. She doesn't even know how to tie her own shoes!,1,logical_fallacy
There's no point listening to your opinion on school lunches. Everybody knows you cheat on your math tests.,1,logical_fallacy
"Coastal lake sediments along the Gulf of Mexico shoreline from 1,000 to 2,000 years ago suggest more frequent and intense hurricanes than occur today .",0,logical_fallacy
"Already , more than 10,000 people die each day from the small particles emitted from fossil-fuel burning ; each year , 339,000 people die from wildfire smoke , in part because climate change has extended forest-fire season ( in the U.S. , it ’ s increased by 78 days since 1970 ) .",0,logical_fallacy
"Mother: It’s bedtime Jane Jane: Mom, how do ants feed their babies? Mother: Don’t know dear, close your eyes now. Jane: But mama, do ant babies cry when they’re hungry?",0,logical_fallacy
The study found climate deniers are able to downplay the threat of climate change by discrediting the threat facing polar bears .,0,logical_fallacy
"""Shell was charged with misleading advertising in its Platformate advertisements. A Shell spokesman said: 'The same comment could be made about most good advertising of most products.'""",0,logical_fallacy
"Yet their dismal track record seems to lead to only more drama and hyperbole , not humility and open-mindedness .",1,logical_fallacy
"Despite all this evidence , however , Governors and Senators who are often climate change deniers still get voted back into power there .",1,logical_fallacy
"""If we ban Hummers because they are bad for the environment eventually the government will ban all cars, so we should not ban Hummers.""",0,logical_fallacy
"And crony capitalists have eagerly grabbed for the subsidies that governments have
so lavishly provided .",1,logical_fallacy
"Does Shorten ’ s energy policy consider those who lose jobs and have the power cut off in his race to achieve 50 per cent renewables to fill the pockets of Labor union mates ? And what about the scams siphoning off tens of billions that slosh around the world as carbon credits , carbon trading and renewable energy certificates ?",0,logical_fallacy
"It is unlikely that all of these warming scenarios will be fully realized , largely because the devastation along the way will shake our complacency .",0,logical_fallacy
"Oh, please. What do you know about labor laws? You don't even have a job.",1,logical_fallacy
Should we trust these computer models of doom ?,1,logical_fallacy
"When President Kennedy said that research for space travel could help children with eye defects, he is making what kind of appeal?",0,logical_fallacy
"So , until people actually experience climate change , and new energy technologies are developed , any claims by politicians that we are in a “ climate crisis ” will fall on deaf ears .",0,logical_fallacy
"Senator Jones wants a strong national defense, but I will not vote for him because he moved to Canada to avoid being drafted for war when he was in college.",1,logical_fallacy
"""I don't know how Professor Resnick can be such a hard grader.  He's always late for class. """,1,logical_fallacy
There's no way you know this - you're clearly too young to understand!,1,logical_fallacy
"The uncommunicative strangers seemed unwilling to speak to us, hiding behind the language barrier.",0,logical_fallacy
"Trying to finish a marathon is impossible, I know because I tried it once.",0,logical_fallacy
"Tackling issues like poverty , health care , corruption and domestic violence would do even more .",0,logical_fallacy
"Brandon: We should have tastier lunches!
Jaylen: Don't listen to him! He's a terrible person! I saw him trip another student and steal his lunch money!",1,logical_fallacy
"Some 52.7 % of the Marshall Islands population lives below the poverty line , according to the Asian Development Bank . Only 39.3 % of the population age 15 years and above is employed .",1,logical_fallacy
"Your friend says, ""You can't prove that space aliens don't exist, so they must be real"". This is an example of which logical fallacy?",0,logical_fallacy
"I’m not a doctor, but I play a doctor on TV, and I wouldn’t dream of using anything but Tylenol for my toughest headaches.",0,logical_fallacy
A parent who says that the teacher doesn't know how to teach because she graduated from a community college.,1,logical_fallacy
"In reality , the above facts come from the best-available scientific studies , including those conducted by or accepted by the IPCC , the Food and Agriculture Organization of the United Nations ( FAO ) , the International Union for the Conservation of Nature ( IUCN ) and other leading scientific bodies .",0,logical_fallacy
Distracting and dangerous mobile devices should be banned from use in vehicles.,0,logical_fallacy
Texting has killed people’s ability to write in complete sentences with proper grammar.,0,logical_fallacy
"Update Jan. 25 , 2016 : As I predicted in this article , global warming activists have indeed made a full-blown public relations effort to claim 2015 was the warmest year on record .",1,logical_fallacy
"I hope I presented my argument clearly.  Now, my opponent will attempt to refute my argument by his own fallacious, incoherent, illogical version of history.",1,logical_fallacy
"You've never visited another country, so who cares what you say about immigration reform!",1,logical_fallacy
Girls should not be allowed . to try out as kickers for school football teams because girls are not very athletic.,0,logical_fallacy
Maria drives a car. She must be wealthy.,1,logical_fallacy
"“Oh, please. What would you know about labor laws? You don’t even have a job.”",1,logical_fallacy
"Wilma: You cheated on your income tax. Don't you realize that's wrong?
Walter: Hey, wait a minute. You cheated on your income tax last year. Or have you forgotten about that?",1,logical_fallacy
"""You are clearly just too young to understand this issue!""",1,logical_fallacy
Now even that silver lining is in doubt .,0,logical_fallacy
"My opponent raises a good point, but can we really trust him? I mean, he moved to this town two years ago and everyone knows that his wife left him.",1,logical_fallacy
"Billy - ""An apple is a vegetable.""  
Bobby - ""Don't listen to Billy; he failed Spanish class last year. """,1,logical_fallacy
"Even with this year ’ s El Niño-boosted warmth threatening to break records , the world is barely half a degree Celsius ( 0.9 degrees Fahrenheit ) warmer than it was about 35 years ago .",0,logical_fallacy
My opponent is trying to convince you that we evolved from monkeys who were swinging from trees; a truly ludicrous claim.,0,logical_fallacy
"Speaker 1: We should have single payer, government funded health care. That would be the best solution to the health care crisis in our country.
Speaker 2: You voted for Bernie Sanders. You’re probably a communist.",1,logical_fallacy
President Trump said that he was proud of the children who participated in this year's Special Olympics. Those kids are a bunch of losers.,1,logical_fallacy
The news is fake because so much of the news is fake.,0,logical_fallacy
"""The Senator must be wrong on the issue of taxes because he's such a jerk to the people who work for him.""",1,logical_fallacy
AttP 11: It is okay to walk across Mr. Jones's property as evidenced by other people walking on his property.,0,logical_fallacy
How can you tell me I should exercise to lose weight? All you do is sit behind a desk all day. I've never seen you do a lick of exercise.,1,logical_fallacy
"Don't listen to her even though she's a doctor. She isn't a good person, so her opinion is invalid.",1,logical_fallacy
"My friend said that if you sneeze more than three times, you have the corona virus.",0,logical_fallacy
"If I say that a surgeon should be allowed to use a guidebook to carry out surgery like a student can use open notes on a test, I have made a",0,logical_fallacy
Every girl I've dated has been a nurse. I must only be compatible with nurses!,0,logical_fallacy
A lion is a cat and cats are good pets so a lion must be a good pet.,0,logical_fallacy
"Only a mentally ill person would kill someone, so anyone who kills someone is automatically mentally ill.",0,logical_fallacy
You couldn ’ t make it up if you tried .,0,logical_fallacy
"During the last glacial period , concentrations nearly reached the “ line of death ” at 150 parts per million , below which plants die .",0,logical_fallacy
Ms. Baker assigned me a lot of homework because she’s a witch!,1,logical_fallacy
"J: Cats are better than dogs.
V: Dogs are better.
J: You are a lazy person. You won't even be able to take care of a dog.",1,logical_fallacy
What ’ s the point ? ’ said Boy . ‘ By the time I get to Australia to see it the whole bloody lot will have dissolved . ’,0,logical_fallacy
"Our garage sale made lots of money before Joan showed up. Obviously, she scared off all the customers.",0,logical_fallacy
"Jay: Dude, where are my car keys?
Silent Bob: (says nothing)
Jay: I KNEW you took them!",0,logical_fallacy
"I'm not surprised, frankly, that someone who gets lost in his own neighborhood would argue that New York has better pizza than Chicago.",1,logical_fallacy
"Why should merely cracking down on terrorism help to stop it, when that method hasn't worked in any other country?",0,logical_fallacy
"Since it was a deathbed confession, it must be true.",1,logical_fallacy
"""You are not a credible resource person. You haven't finished college.""",1,logical_fallacy
"Sure, we haven't given raises in over five years to our employees, but we work really hard to make a good product. We try to ensure the best customer service, too.",0,logical_fallacy
"If global warming caused the 2014 Queensland heat wave , why wasn ’ t it as severe as the 1972 Queensland heat wave ?",0,logical_fallacy
"How can you tell me I should exercise to lose weight? All you do is sit behind a desk all day. I've never seen you do a lick of exercise.

Identify the logical fallacy commited in this argument.",1,logical_fallacy
"Perhaps the most classic example of this fallacy is the argument for the existence of God.  Due to the understanding of nature through science, many of the arguments that used to be used for God (or gods) were abandoned, only to be replaced with new ones, usually involving questions to which science has not definitively answered yet.  The move from creationism to intelligent design is a prime example.  Currently the origin of life is a popular argument for God (although a classic argument from ignorance), and an area where we very well may have a scientific answer in the next decade, at which time, the “origin of life” argument will fade away and be replaced by another, thus moving the figurative goalposts farther back as our understanding of the natural world increases.Exception: This fallacy should not be confused with an argument or set of arguments, with multiple propositions inherent in the argument.  The reason for the difference between this kind of argument and the moving the goalposts fallacy, is a subtle one, but indicated by a strong initial claim (“has to be”, “must”, “required for”, etc.) that gets answered and/or what appears to be ad hoc objections that follow eventually leading to an impossible request for proof.
Fun Fact: The name “moving the goalposts” comes from the analogy of kicking a perfect field goal in American football, only to have the goalposts be moved on you. This would be very unfair.
References:
This a logical fallacy frequently used on the Internet. No academic sources could be found.
Questions about this fallacy? Ask our community!",0,logical_fallacy
"Superstition is a belief or practice resulting from ignorance, fear of the unknown, trust in magic or chance, or a false conception of causation -- unless it is astrology.",0,logical_fallacy
Vote for me because the other candidate is a cheat and a liar!,1,logical_fallacy
"I lost my phone in the living room, so it will always be in the living room when it is lost.",0,logical_fallacy
"Three congressional representatives have had affairs. Therefore, members of Congress are adulterers.",0,logical_fallacy
I know in my heart of hearts that our home team will win the World Series.,0,logical_fallacy
"Either you love me, or you hate me.",0,logical_fallacy
"If he does , he is unelectable .",1,logical_fallacy
"Steve: In Sweden, college is free for citizens. How come we can't do that here?
Ed: If you like Sweden so much, move there. The USA would be glad to be rid of your liberal ass!",1,logical_fallacy
"A new study , published in Geophysical Research Letters , suggests that even this ludicrously short-sighted measure won ’ t be enough to stop the incoming tide .",1,logical_fallacy
"My opponent raises a good point, but can we really trust him? I mean he moved to this town only two years ago and everyone knows that his wife left him.",1,logical_fallacy
"Which fallacy is the following example? ""By rejecting God, you are rejecting goodness, kindness, and love itself.""",0,logical_fallacy
"Debate moderator: ""What will you do to fix the economic crisis?"" Candidate: ""It's important to focus on what started this crisis to begin with. My opponent...""",0,logical_fallacy
"Nobody in their right mind would trust that guy. I mean, look at him!",1,logical_fallacy
"""Freedom of choice is an important freedom. Students should have the freedom to choose between different types of soft drinks.""",0,logical_fallacy
"If Joe eats greasy food, he will feel sick.
Joe feels sick.
Therefore, Joe ate greasy food.",0,logical_fallacy
Filthy and polluting coal should be banned.,0,logical_fallacy
Personally attacking someone to shift attention away from your views is,1,logical_fallacy
"But it is part of a long list of studies from independent teams ( as this interactive graphic shows ) , using a variety of methods that take account of critical challenges , all of which conclude that climate models exhibit too much sensitivity to greenhouse gases .",0,logical_fallacy
I didn’t steal your pen—I borrowed it,0,logical_fallacy
"Speaker 1: I think it’s terrible that a game hunter killed Cecil the lion.
Speaker 2: What about all the babies that are killed every day by abortion?",0,logical_fallacy
This is why a woman shouldn’t do a man's job,1,logical_fallacy
Which fallacy is used to attack a person's character,1,logical_fallacy
"`` The models end up with a warming which is larger than the observed warming for the current emissions , '' University of Exerter 's Pierre Friedlingstein , one of the study 's authors , told The Washington Post . ``",0,logical_fallacy
Killing thousands of people as a result of drug war campaign is not a crime to humanity because millions of Filipino support it.,0,logical_fallacy
"“He’s not a great athlete; he’s a fraud, a cheat and a liar. That’s why not everybody is ‘happy for Lance.'”",1,logical_fallacy
Mr. Koonin laments the sloppiness of those using local weather “ events ” to make claims about long-cycle planetary phenomena . He chastises not so much local news media as journalists with prestigious national media who should know better .,1,logical_fallacy
"According to the Supreme Court, we have a right to abortion. Therefore, it is right to have an abortion.",0,logical_fallacy
That parking attendant who gave me a ticket is as bad as Hitler.,0,logical_fallacy
"Rep. Bill Posey ( R-FL ) said scientists said in the 1970s that the Earth was cooling , a popular talking point of climate skeptics and the subject of a fake Time magazine cover that has become a meme .",1,logical_fallacy
Of course that doctor advocates vaccination—he probably owns stock in a pharmaceutical company.,1,logical_fallacy
"A quick search would show him that whenever in the past there was an explosion of plant life , the carbon dioxide content was far higher than at present .",0,logical_fallacy
The intellectually corrupt and mendacious alarmist science establishment —,1,logical_fallacy
"""You should never break traffic laws.""
""Who are you to speak? You've gotten over fifteen speeding tickets!"" What is this?",1,logical_fallacy
"Charlie: Fast food is filled with salt, fat and added sugars. We need better regulation of the industry.
Bob: That may be, but you're such a hypocrite! I saw you devour a Triple-Baconator, super-sized fries and 64 ounces of soda yesterday.",1,logical_fallacy
"The CEO of that company hates the environment, so I hate him and won’t buy their products.",1,logical_fallacy
Some of Dr Soon ’ s work is paid for by oil companies who clearly have a vested interest in making the blame for global warming fall elsewhere .,0,logical_fallacy
"""I know I made a bad decision, but look at how hard I tried.""
This helps manipulators to avoid taking responsibility for their actions.",0,logical_fallacy
Did John ever give up his bad habits?,0,logical_fallacy
My child was diagnosed with autism after receiving vaccinations. That is proof that vaccines are to blame.,0,logical_fallacy
What can our new math teacher know? Have you seen how fat she is?,1,logical_fallacy
"Cari says that we need a major overhaul in education. Cari gets a speeding ticket every other week, so maybe she should learn how to drive instead of worrying about schools.",1,logical_fallacy
"George: Man, those girls are smokin' hot!
Derek: No, they're not. You're a victim of the cheerleader effect. When girls are together in a group, each girl looks a lot better than if you were to see her without the other girls.",1,logical_fallacy
"""I can't trust that doctor's advice on how to raise my child. He has never been a mother.""",1,logical_fallacy
"“Andrea Dworkin has written several books arguing that pornography harms women. But Dworkin is just ugly and bitter, so why should we listen to her?”",1,logical_fallacy
Our soccer team was losing until I bought new shoes. We have not lost a game since I got my lucky shoes!,0,logical_fallacy
"""Why would you elect a mayor whose wife has been treated for alcohol addiction?""
This logical fallacy is called...",1,logical_fallacy
"“Animal experimentation reduces our respect for life. If we don’t respect life, we are likely to be more and more tolerant of violent acts like war and murder. Soon our society will become a battlefield in which everyone constantly fears for their lives. It will be the end of civilization. To prevent this terrible consequence, we should make animal experimentation illegal right now.”",0,logical_fallacy
"""Andrea Starkk has written several books arguing that the media harms women when it comes to body image. But Starkk is an ugly, bitter person, so you shouldn't listen to her.""",1,logical_fallacy
"I don't know about you, but I would never take the word of a woman who never finished school.",1,logical_fallacy
"""That new home looks great! Let's buy it!""",0,logical_fallacy
"Hence the need for a fallback position — an environmental theory which would justify the massively expensive and disruptive ongoing decarbonisation programme so assiduously championed by politicians , scientists , green campaigners and anyone making money out of the renewables business .",1,logical_fallacy
"The fallacy of equivocation occurs when a key term or phrase in an argument is used in an ambiguous way, with one meaning in one portion of the argument and then another meaning in another portion of the argument.",0,logical_fallacy
"Shortly before leaving office in 2001 , Clinton limited the ability of the United States Forest Service to thin out a dense thicket of foliage and downed trees on federal land to bring the West into a pristine state , Bob Zybach , an experienced forester with a PhD in environmental science , told the Daily Caller News Foundation .",0,logical_fallacy
MacDougal roots for a British football team. Clearly he's unfit to be a police chief in Ireland.,1,logical_fallacy
Everyone is buying the new iPhone that’s coming out this weekend. You have to buy it too,0,logical_fallacy
"This is what Stephen Hawking had in mind when he said , this spring , that the species needs to colonize other planets in the next century to survive , and what drove Elon Musk , last month , to unveil his plans to build a Mars habitat in 40 to 100 years .",0,logical_fallacy
We must declare a global climate emergency .,0,logical_fallacy
Asking a respected scientist to weigh in on matters of economics is what fallacy?,0,logical_fallacy
Circular reasoning occurs when someone makes an argument in which both the premises and the conclusion have to rely on the truthfulness of the other.,0,logical_fallacy
"""You haven't held a steady job since 1992. Worse than that, we couldn't find a single employer who'd provide you with a good reference.""",1,logical_fallacy
"My opponent raises a good point, but can we really trust him? I mean, he moved to this town only two years ago and everyone knows that his wife left him.",1,logical_fallacy
", rather than on his arguments or opinions.",1,logical_fallacy
"Matt is running for class president. In his campaign speech he says, ""My opponent does not deserve to win. She is a smoker and she cheated on her boyfriend last year.""
What fallacy has Matt committed?",1,logical_fallacy
"If we let the government implant tracking devices in criminals, it's not going to stop there! They're going to want to track school children and eventually everyone!",0,logical_fallacy
"Lily says the sun is fully risen at 5:00am, but how would she know she sleeps in until noon.

(love you lily all jokes all jokes)",1,logical_fallacy
My close examination of recent research has revealed that serious inconsistencies exist within the polar bear literature and between that literature and public statements made by some researchers .,0,logical_fallacy
This seat belt ad is using which type of persuasive appeal? It has a picture which might make people feel sad.,0,logical_fallacy
"Falsely requiring an opponent to “disprove” instead
of you “proving” your argument",0,logical_fallacy
"Once a year or so , journalists from major news outlets travel to the Marshall Islands , a remote chain of volcanic islands and coral atolls in the Pacific Ocean , to report in panicked tones that the island nation is vanishing because of climate change .",0,logical_fallacy
"A quick search would show him that whenever in the past there was an explosion of plant life , the carbon dioxide content was far higher than at present . If we halve the carbon dioxide content of the atmosphere , all life dies .",0,logical_fallacy
"I’m know Joe Bob’s my boss, but I’m not going to take orders from someone who can’t even dress professionally for work.",1,logical_fallacy
Don't buy any of the clothes made by that company. Most of them are made in China so they must be cheap.,1,logical_fallacy
"In the town of Sodankyla , Finland , the thermometer on July 17 registered a record-breaking 90 degrees , a remarkable figure given that Sodankyla is 59 miles north of the Arctic Circle , in a region known for winter snowmobiling and an abundance of reindeer . This is a hot , strange and dangerous summer across the planet . Greece is in mourning after scorching heat and high winds fueled wildfires that have killed more than 80 people . Japan recorded its highest temperature in history , 106 degrees , in a heat wave that killed 65 people in a week and hospitalized 22,000 , shortly after catastrophic flooding killed 200 .
Ouargla , Algeria , hit 124 degrees on July 5 , a likely record for the continent of Africa . And the 109-degree reading in Quriyat , Oman , on June 28 amazed meteorologists because that wasn ’ t the day ’ s high temperature . That was the low . It was the hottest low temperature ever recorded on Earth . Montreal hit 98 degrees on July 2 , its warmest temperature ever measured . Canadian health officials estimate as many as 70 people died in that heat wave . In the United States , 35 weather stations in the past month have set new marks for warm overnight temperatures . Southern California has had record heat and widespread power outages . In Yosemite Valley , which is imperiled by wildfires , park rangers have told everyone to flee . The brutal weather has been supercharged by human-induced climate change , scientists say . Climate models for three decades have predicted exactly what the world is seeing this summer .",0,logical_fallacy
"My opponent raises a good point, but can we really trust him? I mean, he moved to this town only two years ago, and everyone knows that his wife left him.",1,logical_fallacy
Two words: New Coke.,0,logical_fallacy
You can't believe Bob's idea. He's a socialist.,1,logical_fallacy
"If you vote for her, the government as we know it will fall apart.",0,logical_fallacy
"A Republican congressman from Colorado , Ken Buck , recently called one military proposal part of a “ radical climate change agenda . ”",1,logical_fallacy
"An abusive attack against someone making the argument, instead of the argument itself, is called a/an",1,logical_fallacy
"""He wouldn't make a good president because he looks like a sad muppet.""",1,logical_fallacy
"But, Dad, I know you smoked when you were my age, so how can you tell me not to do it?",1,logical_fallacy
"Callie: Did you know that Jake Tooten was a racist?
Chris: I know Jake well. Why do you say he’s a racist?
Callie: He was on a podcast the other day...
Chris: Did he say something racist?
Callie: No, but the podcast host did an interview two years ago with a woman who said she supported an organization that had a history of racism back in the 1960s. Jake clearly supports racism!",0,logical_fallacy
The Volkswagen Beetle is an evil car because it was originally designed by Hitler's army.,1,logical_fallacy
"If we use just one more can of hairspray this month, earth as we know it will no longer exist.",0,logical_fallacy
"""It is what it is!""",0,logical_fallacy
"Free speech is good not just for the individual, but for all of society. After all, it's in the interest of the community that everyone should be at liberty to express his or her beliefs.",0,logical_fallacy
It ’ s hard to believe they are when so many serious people are so worried . I wish there were a real debate !,1,logical_fallacy
The report in part intends to `` reset '' the estimations for the new predictions on when the earth will hit what the U.N. has determined to be dangerous warming levels .,0,logical_fallacy
"""If you don't turn in your homework, you will be getting a call home.",0,logical_fallacy
"Billy - ""An apple is a vegetable.""  Bobby - ""Don't listen to Billy; he failed Spanish class last year. """,1,logical_fallacy
"CO2 is colorless , odorless and completely non-toxic . Plants depend on it to live and grow , and human beings draw some into their lungs with every breath they take to no ill effect whatsoever .",0,logical_fallacy
My opponent suggests that lowering taxes will be a good idea -- this is coming from a woman who eats a pint of Ben and Jerry’s each night!,1,logical_fallacy
A harrowing scenario analysis of how human civilization might collapse in coming decades due to climate change has been endorsed by a former Australian defense chief and senior royal navy commander .,0,logical_fallacy
"Calling Senator Warren ""Pocahontas,"" instead of debating her ideas on cancelling student loan debt is an example of:",1,logical_fallacy
"David: Can you believe that the president said, ""fat people are losers""?
Sam: Where did you hear this?
David: I read it in a headline on BrightBert News.
Sam: He actually said, ""People who say, 'fat people are losers' are not only cruel, but they are also wrong as well as being irrational.""",0,logical_fallacy
"Don't listen to Senator Bob's opinion. He is a crook, and a spiteful loony man.",1,logical_fallacy
"If it did—and you do hear such claims—then
living in hot Arizona rather than cool Maine , or living with Louisiana ’ s frequent floods ,
would be considered a health catastrophe today .",0,logical_fallacy
I cannot listen to anyone who does not share my social and political values.,1,logical_fallacy
a mad scientist builds a rocket to the sun but plans to embark at night to avoid being cremated.,0,logical_fallacy
"The Soviet Union collapsed after taking up atheism. Therefore, we must avoid atheism for the same reasons.",0,logical_fallacy
"If he is knowingly promoting a falsehood , he is unelectable .",1,logical_fallacy
"The Department of Transportation needs to reconsider the speed limit proposals on interstate highways for the simple reason that if they do not, their departmental budget for the Department of Transportation will be cut by 25%.",0,logical_fallacy
Everyone is going to get the new smart phone when it comes out this weekend. Why aren’t you?,0,logical_fallacy
"""We will teach this miserable traitor(Snowball) that he cannot undo our work so easily.""",1,logical_fallacy
"If we allow euthanasia, the next thing you know, murder will be legal.",0,logical_fallacy
"""How am I to get in?"" asked Alice again, in a louder tone.
""Are you to get in at all?"" said the Footman, ""That's the first question, you know.""",0,logical_fallacy
"Nicholas - ""An apple is a vegetable."" Alexis - ""Don't listen to Nicholas; he is failing AP Language""",1,logical_fallacy
"Either you love bacon, or you're wrong.",0,logical_fallacy
"At the beginning , he quotes a number of climate doom-mongers , including the Pope .",1,logical_fallacy
"Dicky: So how do you think life began?
Ralphie: Simple.  Aliens from another planet seeded this planet with life billions of years ago.
Dicky: OK, but how did that alien life form begin?
Ralphie: Simple.  Aliens from another planet seeded that planet with life.",0,logical_fallacy
"Peter: ""Based on the arguments I have presented, it is evident that it is morally wrong to use animals for food or clothing.""
Bill: ""But you are wearing a leather jacket and you have a roast beef sandwich in your hand! How can you say that using animals for food and clothing is wrong!""",1,logical_fallacy
"Our colleague, Doctor Χ, is too young and inexperienced; we could do without his advice.",1,logical_fallacy
"Unfortunately , it now seems like three feet is possible only under the rosiest of scenarios .",0,logical_fallacy
"If everyone believes it, you should too!",0,logical_fallacy
"when evidence boils down to ""everybody's doing it, so it must be a good thing to do

""cuando la evidencia se reduce a ""todo el mundo lo está haciendo, por lo que debe ser algo bueno""",0,logical_fallacy
"Mother: It’s bedtime Jane

Jane: Mom, how do ants feed their babies?

Mother: Don’t know dear, close your eyes now.

Jane: But mama, do ant babies cry when they’re hungry?",0,logical_fallacy
"It is an article of faith for the globalist elite and their useful idiots in the media , in politics , in business , and the entertainment that the world is on course for climate disaster which only radical and costly international action can prevent .",1,logical_fallacy
"Steve: In Sweden, college is free for citizens. How come we can't do that here?

Ed: If you like Sweden so much, move there. The USA would be glad to be rid of your liberal ass!",1,logical_fallacy
"It ’ s the return of left-leaning scientists ’ famous nemesis , “ Reality. ”",1,logical_fallacy
Get Verizon--1 billion people can't be wrong.,0,logical_fallacy
"""The Americans I know say they elected the new president because they were tired of having their jobs sent overseas. This question of jobs brought this president into office.""",0,logical_fallacy
"I know the Professor said that the Bridges of Madison County was smarmy trash and lacked any artistic worth. But I still think he's wrong. After all, it was on the best-seller list for over 100 weeks.

Identify the logical fallacy commited in this argument.",0,logical_fallacy
"Amid all this controversy and uncertainty about global climate change , Obama blindly insists that his theory of global warming “ is beyond dispute ” and attacks his critics as “ deniers . ”",1,logical_fallacy
"People have believed that fish is ""brain food"" for decades, so I don't believe the  FDA when they claim that eating fish does not enhance the intellect.",0,logical_fallacy
"""You must obey the law, because it's illegal to break the law.""

What logical fallacy is used in the statement above?",0,logical_fallacy
"Student: Logical Fallacies have nothing to do with my life and I don’t want to learn them!
Teacher: You are too young to understand why it’s important!
Estudiante: ¡Las falacias lógicas no tienen nada que ver con mi vida y no quiero aprenderlas!
Maestro: Eres demasiado joven para entender por qué es importanto!",1,logical_fallacy
"I did not complete my homework last night? Well, you did not do yours last weak either.",1,logical_fallacy
Look at that face! Would anyone vote for that? Can you imagine that as the face of our next president?,1,logical_fallacy
"We cannot unlock our child from the closet because if we do, she will want to roam the house.  If we let her roam the house, she will want to roam the neighborhood.  If she roams the neighborhood, she will get picked up by a stranger in a van, who will sell her in a sex slavery ring in some other country.  Therefore, we should keep her locked up in the closet.",0,logical_fallacy
Of course you don't like rap or hip-hop music! You wear the same clothes every day and have zero fashion sense.,1,logical_fallacy
"18 years after 1998 , global warming still has not created the runaway warming we were told to expect .",0,logical_fallacy
"A fallacy of relevance where someone rejects or criticizes another person’s view on the basis of personal characteristics, background, physical appearance, or other features irrelevant to the",1,logical_fallacy
"My opponent in this election claims to have the best interests of our community at heart. However, he is separated from his family. Isn’t family the basic unit of society? How can we entrust the concerns of the community to someone who was not able to keep his family together?",1,logical_fallacy
"""University of Virginia professor [Charlotte] Patterson, considered a leading researcher in the field, says she has reviewed 22 studies involving offspring of gays ranging from toddlers to adults. She found none convincing [sic] that the children had suffered or were more than normally inclined to be gay. [...] Conservatives discredit Patterson by pointing out that she is an acknowledged lesbian, with a presumed ideological interest in the subject she studies.""",1,logical_fallacy
"Bill says Jenny would make a good class president, but Bill makes bad grades, so we shouldn’t vote for Jenny.",1,logical_fallacy
"""My opponent suggests that lowering taxes will be a good idea, this is coming from a woman to eats a pint of Ben and Jerry's each night!""",1,logical_fallacy
This fallacy is a distraction from the argument typically with some sentiment that seems to be relevant but isn’t really on-topic.,0,logical_fallacy
"Of course the Senator from Maine opposes a reduction in naval spending. After all, Bath Ironworks, which produces warships, is in Maine.",1,logical_fallacy
You can't believe Jack when he says there is a God because he doesn't even have a job.,1,logical_fallacy
"""Once a year, a miracle causes this large rock to float about ten centimeters off the ground since supernatural powers want us to remember the martyrs who died in that spot.""",0,logical_fallacy
"Senator Jones supports a strong national defense. If you do vote for him, our country will be invaded, and it will start World War III.",0,logical_fallacy
Dismissing someone's viewpoint on an issue because he himself is inconsistent in that very thing.,1,logical_fallacy
I dropped the ball because Mercury is in retrograde.,0,logical_fallacy
We know the virus started in a lab because it's too deadly to have just been the result of basic circumstance. But it hasn't been as deadly for China which proves that it's lab-made. Because it's deadly.,0,logical_fallacy
"If voluntary euthanasia were to be legalized it would prove impossible to avoid the legislation, or, at least, toleration, of non-voluntary euthanasia. Even if the former can be justified, the latter clearly cannot. Hence, it is better that the first step (legalizing voluntary euthanasia) not be taken so as to prevent a slide into non-volunteer euthanasia.",0,logical_fallacy
"As recently as 1995 , it was thought to be stable .",0,logical_fallacy
"""Her arguments against the protest were weak. After all, she can't be fair; she works for the government.""",1,logical_fallacy
"Charlie: Fast food is filled with salt, fat, and added sugars.  We need better regulation of the industry.
Bob: That may be, but you're sure a hypocrite!  I saw you devour a Triple-Baconator, super-sized fries, and 64 ounces of soda yesterday.",1,logical_fallacy
"One was the revelation by the European Space Agency that in 2013 and 2014 , after years when the volume of Arctic ice had been diminishing , it increased again by as much as 33 per cent . The other was that Canadian scientists studying the effect of climate change on Arctic ice from an icebreaker had to suspend their research , when their vessel was called to the aid of other ships trapped in the thickest summer ice seen in Hudson Bay for 20 years .",0,logical_fallacy
We can't believe what he says out of that ugly mouth of his.,1,logical_fallacy
"Well , not a debate … because climate alarmists who were invited didn ’ t show .",1,logical_fallacy
"It ’ s one that has often been celebrated by climate change skeptics and contrarians who have long contended that global warming won ’ t be all bad , and that plants might help offset any global warming trend .",0,logical_fallacy
"""Don't listen to Eddie's arguments on education. He didn't even finish high school"" is an example of",1,logical_fallacy
"Billy - ""An apple is a vegetable."" Bobby - ""Don't listen to Billy; he failed Spanish class last year. """,1,logical_fallacy
"""In his class president election video, he called his student opponent 'a brown-nosing, suck up who only wanted to get on the teacher's good side,' which got him disqualified"" IS an example of THIS fallacy.",1,logical_fallacy
I'm hardly prepared to listen to the arguments of an ignorant moron like you.,1,logical_fallacy
Don't believe what Kim says about global warming. Kim dropped out of college!,1,logical_fallacy
"Yeah, I think everyone's opinion counts on moral matters like that, but that Lila sleeps around with anything. I know of at least one marriage she's broken up, so why should her opinion count on anything, much less morality?",1,logical_fallacy
"Ladies and gentlemen of the jury, look at the bloody clothes, the murder weapon. Imagine the helpless screams of the victim. Such a crime deserves no verdict except guilty, guilty!",0,logical_fallacy
"Dr Browman , who is also principal research scientist at the Norwegian Institute of Marine Research , found there had been huge increase in articles on ocean acidification in recent years , rising from five in 2005 to 600 last year . He said that a handful of influential scientific journals and lobbying by international organisations had turned ocean acidification into a major issue .",0,logical_fallacy
"God did not create the world six thousand years ago because matter has always existed, and therefore the world has always existed.",0,logical_fallacy
"However , climate realists can make lemonade from EDF ’ s preposterous mailer by using it to show open-minded people the difference between global warming alarmists and global warming truth-tellers . EDF has assembled what it believes to be the 10 most powerful global warming assertions in the alarmists ’ playbook , yet each assertion either backfires on alarmists or has been proven false .",1,logical_fallacy
"There you are cheating on your husband, how could you ever tell us anything meaningful about ethics?",1,logical_fallacy
"Sounding more like an Old Testament doomsayer than a president , Obama warned in his Alaska speech that unless carbon fuels are restricted , “ we will condemn our children to a planet beyond their capacity to repair : Submerged countries .",1,logical_fallacy
"The new vice president has never gone to public school, so he can never connect to the middle and lower class.",1,logical_fallacy
That's what you'd expect someone like him/her to say,1,logical_fallacy
"People generally like to walk on the beach. Beaches have sand. Therefore, having sand floors in homes would be a great idea!",0,logical_fallacy
My teacher always brings up stuff about Women's Rights. She only cares about it because she is a woman. The stats she shows us are probably bias.,1,logical_fallacy
Global human emissions are only 3 per cent of total annual emissions .,0,logical_fallacy
Leonardo DiCaprio is just a dumb actor! What does he really know about climate change?!,1,logical_fallacy
Jimmy isn’t at school today. He must be on a family trip.,0,logical_fallacy
Being overweight leads to a shortened lifespan because it's unhealthy.,0,logical_fallacy
"Teachers claim that cell phones distract students, but they only say that because teachers have no lives.",1,logical_fallacy
"In addition , when it was warm , life expanded , whereas when it was cold , life contracted . Over historical times , when it was cold there was human depopulation . When it was warm , economies thrived .",0,logical_fallacy
"For want of a nail the shoe was lost.
For want of a shoe the horse was lost.
For want of a horse the rider was lost.
For want of a rider the battle was lost.
For want of a battle the kingdom was lost.
And all for the want of a nail.
“For Want of a Nail,” medieval proverb",0,logical_fallacy
“against the man;” attacking the individual rather than their position.,1,logical_fallacy
"In the next 50 years , somewhere between 1 to 3 billion people are expected to be inflicted with unbearable heat , according to the study .",0,logical_fallacy
"Mayor: During my previous term as mayor my staff and I spent a great deal of time focusing on our city’s economy, and unemployment reached an all-time high as a result. So clearly you should support my re-election campaign if you are among those still looking for a job.",0,logical_fallacy
"Of course, your minister says he believes in God.  He would be unemployed otherwise.",1,logical_fallacy
"""Every time I forget my lunch bag, school ends early"" is an example of",0,logical_fallacy
"You never even finished law school, so why should I trust you to watch my children?",1,logical_fallacy
"We should go inside; the last time the clouds were that dark, there was a tornado.",0,logical_fallacy
"If someone told you, ""Kyra doesn't know anything about science because she likes weird music,"" what logical fallacy are they using?",1,logical_fallacy
Invoke shared values and principles. They call upon the audience’s sense of right and wrong.,0,logical_fallacy
"a persuasive technique used in media messages that appeals to the ""everyone is doing it"" mentality",0,logical_fallacy
"""You can't give me a D because I'm an A student!""",0,logical_fallacy
"As we 've noted in this space , the idea of `` settled science '' peddled by environmentalists and politicians defies the history of science , which has seen repeated upheavals of previous forms of `` settled science . ''",0,logical_fallacy
You moved the goalposts or made up an exception when your claim was shown to be false.,0,logical_fallacy
Humans have had no detectable impact on hurricanes over the past century . . . . Greenland ’ s ice sheet isn ’ t shrinking any more rapidly today than it was eighty years ago . . . .,0,logical_fallacy
"Climate change didn ’ t make the list . Instead , corruption of politicians was the No . 1 worry .",0,logical_fallacy
"I was just on the phone with a Southerner, and I could barely keep up! All Southerners talk fast.",0,logical_fallacy
"While debating with a friend on which movie would be better to see, you use the argument that your opinion on movies is better because your friend picks their nose, so we shouldn’t trust them because that’s gross. What fallacy have you committed?",1,logical_fallacy
"You must obey the law, because it’s illegal to break the law.",0,logical_fallacy
He can't be a great athlete; he cheated on his wife.,1,logical_fallacy
He begins with a kind of trigger warning for readers who may be shocked by the book ’ s contradiction of four points of climate orthodoxy : “ Heat waves in the US are now no more common than they were in 1900 ” and “ the warmest temperatures in the US have not risen in the past fifty years . . . .,1,logical_fallacy
A mother says that she does not trust her pediatrician because he has never been a mother.,1,logical_fallacy
"The car was built with cheap parts, so it only goes to show that the car will fall apart.",1,logical_fallacy
"Also , the alarmist assertion that polar ice sheets are melting is simply false .",1,logical_fallacy
The report will make hugely depressing reading for all the prominent environmental activists — from the Pope and Doom Goblin Greta Thunberg to the Great Reset ’ s Klaus Schwab — who have been pushing the “ climate emergency ” narrative .,1,logical_fallacy
The latest craze or fad; everyone has to have it.,0,logical_fallacy
"You didn’t even finish high school, how could you possible know about this?",1,logical_fallacy
"I don't think we need to talk to the people in the Justice Department about the practicality of enforcing this bill. The Justice Department is full of Democrats, and they are already biased against it.",1,logical_fallacy
Encourages the audience to become part of a group or act because other people are acting in the same way.,0,logical_fallacy
"""People generally like to walk on the beach. Beaches have sand. Therefore, having sand floors in homes would be a great idea!""",0,logical_fallacy
"“But, Dad, I know you had no curfew when you were my age, so how can you give me a curfew?”",1,logical_fallacy
"Contents of the emails suggested scientists had been hiding or manipulating data , preventing people accessing their figures and working to stop papers critical of their findings from being published .",1,logical_fallacy
Don't be the only one not wearing Nike!,0,logical_fallacy
"NOAA ’ s alteration of its measurement standard and other changes produced a result that could have been predicted : a marginally significant warming trend in the data over the past several years , erasing the temperature plateau that vexed climate alarmists have found difficult to explain .",0,logical_fallacy
Look at that face! Could anyone trust that to run the country?,1,logical_fallacy
"America keeps telling China to be more respecting of journalism, but why don't they stop the American propaganda first?",1,logical_fallacy
"Everyone seems to support the changes in the vacation policy, and if everyone likes them, they must be
good.",0,logical_fallacy
"Oprah Winfrey's diet advice is useless;  she has had problems with maintaining her weight for most of her life, bouncing back and forth between being overweight and slender.",1,logical_fallacy
"While reading how flawed EDF ’ s assertions are , remember these are the very best arguments global warming alarmists can make .",1,logical_fallacy
"Water fluoridation affects the brain. Citywide, student’s test scores began to drop five months after fluoridation began.",0,logical_fallacy
"You think labor unions are good? You know who else liked labor unions? Karl Marx, that’s who.",1,logical_fallacy
"And , can today ’ s climate models be trusted when scientists have misrepresented the data in the past ?",0,logical_fallacy
My job interview did not go well. I'll never get a job.,0,logical_fallacy
"The strongest heat wave ever recorded occurred in July 1936 , generating high temperatures in half of America ’ s 50 states . In 1935 , fossil fuel emissions were 25 times lower than today .",0,logical_fallacy
Compares minor problems with much more serious crimes,0,logical_fallacy
The Bible is filled with stories of God's magic.,0,logical_fallacy
Forty million people won't be wrong. Please buy the latest iPhone 12.,0,logical_fallacy
"""Andrea Dworkin has written several books arguing that the media harms women when it comes to body image. But Dworkin is an ugly, bitter person, so you shouldn't listen to her.""",1,logical_fallacy
"Calling attention to anecdotal incidents of icebergs breaking off the Antarctic ice sheet , while deliberately ignoring the overall growth of the Antarctic ice sheet , is a misleading and favorite tactic of global warming alarmists .",1,logical_fallacy
"Person 1: “I am for raising the minimum wage in our state.” Person 2: “She is for raising the minimum wage, but she is not even smart enough to run a business.",1,logical_fallacy
This theory originally occurred to a scientist in the form of a dream; therefore it cannot be valid.,1,logical_fallacy
"Speaker 1: No fault divorce is really harmful to the family and the larger society.
Speaker 2: Well, you must not really think that since you’re divorced yourself.",1,logical_fallacy
"This type of propaganda implies that since EVERYONE else is buying a product, so should you!",0,logical_fallacy
People who are psychotic act in a bizarre manner. This person acts in a bizarre manner. Therefore: This person is psychotic.,0,logical_fallacy
Senator Lewis says we should not fund the missile attack program. I disagree. I don't know why she wants to leave us defenseless like that.,0,logical_fallacy
Running the government is like running a business. You can’t keep running into debt and expect to be successful.,0,logical_fallacy
Gone are the days when scientists drew a bright line dividing weather and climate .,0,logical_fallacy
"Similarly , another list of the 15 most polluted cities in the world featured three cities from China , three cities from Saudi Arabia , and a whopping seven cities from India .",1,logical_fallacy
"Mom: Remember, dear. Nobody's going to buy the cow if they get the milk for free.
Daughter: You are only saying that because you are my mother.
Daughter: Wait... did you just call me a cow?",1,logical_fallacy
"Recognising that Amanda had committed a fallacy in arguing that we should eat healthy food because a nutritionist said it was popular, Alyse said we should therefore eat bacon double cheeseburgers every day.",0,logical_fallacy
The candidate for mayor was a really bad baseball player in college! Don't vote for him!,1,logical_fallacy
You oppose a senator's proposal to extend government-funded health care to poor minority children because that senator is a liberal Democrat.,1,logical_fallacy
She should not be voted president because she's a liar and a thief.,1,logical_fallacy
"I hear the rain falling outside my window; therefore, the sun is not shining.",0,logical_fallacy
Global warming activists ’ propensity for doing so shows just how little value they place in a truthful debate .,1,logical_fallacy
"Robert Downey Jr. thinks everyone should vote. However, Robert Downey Jr. once went to prison for drug use. So, he's obviously wrong.",1,logical_fallacy
"Not only is paying a higher income tax a patriotic duty, it is also a sacred obligation.",0,logical_fallacy
"Now , you could make a different argument if you want to talk about Greenland or the Arctic . ''",0,logical_fallacy
"The new Lewis and Curry ECS estimate is even lower than their old one , so if we re-did the same study we would find even lower social costs of carbon .",0,logical_fallacy
Only fools are out in public right now. Careful people are staying home.,1,logical_fallacy
"Because the last words spoken by either the pilot or co-pilot were ""Good night, Malaysia Three-Seven-Zero,"" the pilot fell asleep and accidentally crashed the plane into the ocean.",0,logical_fallacy
"Bill: “I believe that abortion is morally wrong.”
Dave: “Of course you would say that, you’re a priest.”
Bill: “What about the arguments I gave to support my position?”
Dave: “Those don’t count. Like I said, you’re a priest, so you have to say that abortion is wrong. Further, you are just a lackey to the Pope, so I can’t believe what you say.”",1,logical_fallacy
"""That's what abortion is - killing innocent humans for money. Abortionists are government licensed hit men.""",1,logical_fallacy
"Hannah argues that because her friend was brainwashed as a child into thinking that people are generally good, people are not generally good.
Name that fallacy:",1,logical_fallacy
"According to my brain, my brain is reliable.",0,logical_fallacy
There ’ s very strange things going on on planet Earth right now . ”,0,logical_fallacy
"company's slogan ""Expect More. Pay Less.""",0,logical_fallacy
"Parent: I really don’t want you to smoke pot. It’s still illegal, and could get you into trouble.
Child: Didn’t you smoke pot when you were my age? You must not think it’s a big deal.",1,logical_fallacy
"As countries get more peaceful in Africa we could lose more tropical forests , which really worries me . ”",0,logical_fallacy
"A book argues that global warming is not actually happening, and cites the research of one environmental scientist who has been studying climate change for several years.",0,logical_fallacy
"My doctor is overweight, so I don't believe anything he tells me about improving my health.",1,logical_fallacy
"The real issue is the arrogance and zealotry found in people who see science not as an ongoing process , but as a religion .",1,logical_fallacy
You can say this for bleeding-heart liberals : They certainly have a flair for the ironic .,1,logical_fallacy
"“Your coach’s policy is that no one can be a starter on game day if they miss practice. So, if you miss basketball practice today, you won’t be a starter in Friday’s game. Then you won’t be the first freshman to start on the Varsity basketball team at our school.”'",0,logical_fallacy
"""Bernie Saunders wouldn't make a good president because he looks like a sad muppet.""",1,logical_fallacy
"In addition , they ignore the fact that enriching the atmosphere with CO2 is beneficial . CO2 is plant food , the basis of all life on Earth
CO2 is not a pollutant .",0,logical_fallacy
"Yes, I do think that all drunk drivers should go to prison, but your honor, he is my son! He is a good boy who just made a mistake!",0,logical_fallacy
"As soon as the word emissions entered the language and became part of a religious ideology , electricity prices skyrocketed , electricity supply became more unreliable , subsidies for wind and solar energy went through the roof and employers and consumers had massive cost increases .",1,logical_fallacy
He’s just a psychology teacher at a community college,1,logical_fallacy
Jimmy isn't at school today. He must be on a family trip.,0,logical_fallacy
Students never used to have cell phones so they don't need them now.,0,logical_fallacy
But it has little to do with what recent headlines have been saying about the hottest year ever . It is called business as usual .,0,logical_fallacy
"Nicole identified that Hannah had committed a logical fallacy, but instead of addressing the substance of her claim, Hannah accused Nicole of committing a fallacy earlier on in the conversation.",1,logical_fallacy
"In February President Obama said , a little carelessly , that climate change is a greater threat than terrorism .",0,logical_fallacy
"""My three decades of experience in public service, my tireless commitment to the people of this community, and my willingness to reach across the aisle and cooperate with the opposition, make me the ideal candidate for your mayor.""  Which appeal is the primary appeal used in this quote?",0,logical_fallacy
"“The police should stop environmental demonstrators from inconveniencing the general public. We pay our taxes.”
“Surely global meltdown is infinitely worse than a little inconvenience?”",0,logical_fallacy
"For decades , these models have projected dramatic warming from small , fossil-fueled increases in atmospheric concentrations of carbon dioxide , with catastrophic consequences .",0,logical_fallacy
"Mother: You should stop smoking. It's harmful to your health.
Daughter: Why should I listen to you? You started smoking when you were 16!",1,logical_fallacy
"If we let the government implant tracking devices in criminals, it's not going to stop there! They're going to want to track us at work, our school children, and then eventually everyone!",0,logical_fallacy
